CellLine,R2,RMSE,Pearson,Spearman
786-0,0.8905153274536133,11.741398686495335,0.9436780214309692,0.7618445536457641
