CellLine,R2,RMSE,Pearson,Spearman
786-0,0.8955589532852173,8.31817433280627,0.9467371702194214,0.7659291531524475
