CellLine,R2,RMSE,Pearson,Spearman
786-0,0.8350343704223633,14.145893139869585,0.9171438217163086,0.8116703074534709
