CellLine,R2,RMSE,Pearson,Spearman
786-0,0.8535097241401672,10.169494819209541,0.9244531989097595,0.8027326987551741
